Question,Answer,Score
Hi,Hi there! How can I help you today?,
How are you,Hi there! How can I help you today?,
What is the temperature today,"As a large language model, I don't experience feelings in the same way humans do. However, I'm functioning optimally and ready to assist you with any questions or tasks you have. Thanks for asking! How are you doing today?",
how many stattes are there in USA,"To give you the most accurate temperature, I need to know your location. Could you please tell me where you are?",
,,
,,
,,
,,
,,
,,
,,
,,
,,
,,
,,
,,
,,
,,
,,
,,
